anio,estadistico_chi2,p_valor
2017,1381.337508079611,1.4510972591879914e-117
2021,1231.9225337312719,1.866218169984226e-50
2025,1247.3367761220084,2.546887837684794e-92
