anio,estadistico_chi2,p_valor
2017,2986.339545631322,3.8618646137693496e-230
2021,2493.251049723481,1.2475465284316672e-113
2025,2227.767214963469,1.3682704091792038e-164
